[
  {
    "name": "acw_tc",
    "value": "ac11000117289961122603451e00c4da5d6d3011bd17704d3a3f68105c7a98",
    "domain": "passport.zhihuishu.com",
    "port": null,
    "path": "/",
    "expires": 1728997912,
    "secure": false,
    "rest": {
      "HttpOnly": null
    },
    "version": 0,
    "comment": null,
    "comment_url": null,
    "rfc2109": false,
    "discard": false
  },
  {
    "name": "INGRESSCOOKIE",
    "value": "1728996113.275.26370.891232",
    "domain": "passport.zhihuishu.com",
    "port": null,
    "path": "/",
    "expires": 1729168912,
    "secure": false,
    "rest": {
      "HttpOnly": null
    },
    "version": 0,
    "comment": null,
    "comment_url": null,
    "rfc2109": false,
    "discard": false
  },
  {
    "name": "SERVERID",
    "value": "4516a494fea80bcfc392e5b45dea0690|1728996144|1728996112",
    "domain": "passport.zhihuishu.com",
    "port": null,
    "path": "/",
    "expires": null,
    "secure": false,
    "rest": {},
    "version": 0,
    "comment": null,
    "comment_url": null,
    "rfc2109": false,
    "discard": true
  },
  {
    "name": "CASTGC",
    "value": "TGT-4368551-s1FcouMUrRThgZEzwUaOtHfdbPbMLzkKZf7aTFiYLvSqCp1gi9-passport.zhihuishu.com",
    "domain": ".zhihuishu.com",
    "port": null,
    "path": "/",
    "expires": null,
    "secure": false,
    "rest": {},
    "version": 0,
    "comment": null,
    "comment_url": null,
    "rfc2109": false,
    "discard": true
  },
  {
    "name": "CASLOGC",
    "value": "%7B%22realName%22%3A%22%E6%9D%8E%E5%AE%9B%E9%9C%96%22%2C%22myuniRole%22%3A0%2C%22myinstRole%22%3A0%2C%22userId%22%3A852087081%2C%22headPic%22%3A%22https%3A%2F%2Fimage.zhihuishu.com%2Fzhs%2FZD%2FStuPersonMsg_file%2F202310%2F14533db4667d439ab104509cc296392b_s3.png%22%2C%22uuid%22%3A%22VvR3Nnxy%22%2C%22mycuRole%22%3A0%2C%22username%22%3A%2288359d9c268349a29852786dc4f8ce62%22%7D",
    "domain": ".zhihuishu.com",
    "port": null,
    "path": "/",
    "expires": null,
    "secure": false,
    "rest": {},
    "version": 0,
    "comment": null,
    "comment_url": null,
    "rfc2109": false,
    "discard": true
  },
  {
    "name": "jt-cas",
    "value": "eyJraWQiOiJFRjRGMjJDMC01Q0IwLTQzNDgtOTY3Qi0wMjY0OTVFN0VGQzgiLCJhbGciOiJFUzI1NiJ9.eyJpc3MiOiJjb20uemhpaHVpc2h1IiwiYXVkIjoiQ0FTIiwic3ViIjoi5p2O5a6b6ZyWIiwiaWF0IjoxNzI4OTk2MTQ0LCJleHAiOjE3MjkwODI1NDQsImp0aSI6ImNiYWMwMmU4LTY3YWMtNDI5ZS1hNTRkLWM2NjBkMDViOWIwMiIsInVpZCI6ODUyMDg3MDgxfQ.Bj8LshmjbHgdlcwP82_SDRgMCWEtNm4QnQmt56fKTWzVfJjYj6OeG87X-byhR_2QfhwBb9IVfgl8TcXjyFtuwg",
    "domain": ".zhihuishu.com",
    "port": null,
    "path": "/",
    "expires": null,
    "secure": false,
    "rest": {},
    "version": 0,
    "comment": null,
    "comment_url": null,
    "rfc2109": false,
    "discard": true
  },
  {
    "name": "acw_tc",
    "value": "ac11000117289961453614433e008fae7a6535982933c4d8067ac10a5b93a1",
    "domain": "onlineservice-api.zhihuishu.com",
    "port": null,
    "path": "/",
    "expires": 1728997945,
    "secure": false,
    "rest": {
      "HttpOnly": null
    },
    "version": 0,
    "comment": null,
    "comment_url": null,
    "rfc2109": false,
    "discard": false
  },
  {
    "name": "SERVERID",
    "value": "58a6d0bed134adfd5bca4c165678e873|1728996145|1728996145",
    "domain": "onlineservice-api.zhihuishu.com",
    "port": null,
    "path": "/",
    "expires": null,
    "secure": false,
    "rest": {},
    "version": 0,
    "comment": null,
    "comment_url": null,
    "rfc2109": false,
    "discard": true
  },
  {
    "name": "SERVERID",
    "value": "fe82cac8f8e600c79e0f3988dddd82bc|1728996145|1728996145",
    "domain": "www.zhihuishu.com",
    "port": null,
    "path": "/",
    "expires": null,
    "secure": false,
    "rest": {},
    "version": 0,
    "comment": null,
    "comment_url": null,
    "rfc2109": false,
    "discard": true
  },
  {
    "name": "exitRecod_VvR3Nnxy",
    "value": "2",
    "domain": "",
    "port": null,
    "path": "/",
    "expires": null,
    "secure": false,
    "rest": {
      "HttpOnly": null
    },
    "version": 0,
    "comment": null,
    "comment_url": null,
    "rfc2109": false,
    "discard": true
  }
]